{
    "bottleneck3_10/dim_red/conv": {
        "real_time": 406,
        "cpu_time": 406,
        "execution_index": 168,
        "exec_type": "jit_avx2_1x1_FP32",
        "status": "EXECUTED",
        "layer_type": "Convolution"
    },
    "bottleneck3_7/inner/dw1/fn": {
        "real_time": 0,
        "cpu_time": 0,
        "execution_index": 150,
        "exec_type": "undef",
        "status": "NOT_RUN",
        "layer_type": "ReLU"
    },
    "bottleneck3_6/dim_inc/conv": {
        "real_time": 384,
        "cpu_time": 384,
        "execution_index": 144,
        "exec_type": "jit_avx2_1x1_FP32",
        "status": "EXECUTED",
        "layer_type": "Convolution"
    },
    "bottleneck1_1/add": {
        "real_time": 0,
        "cpu_time": 0,
        "execution_index": 8,
        "exec_type": "undef",
        "status": "NOT_RUN",
        "layer_type": "Eltwise"
    },
    "bottleneck2_3/dim_inc/conv": {
        "real_time": 443,
        "cpu_time": 443,
        "execution_index": 58,
        "exec_type": "jit_avx2_1x1_FP32",
        "status": "EXECUTED",
        "layer_type": "Convolution"
    },
    "bottleneck3_1/dim_red/fn": {
        "real_time": 0,
        "cpu_time": 0,
        "execution_index": 106,
        "exec_type": "undef",
        "status": "NOT_RUN",
        "layer_type": "ReLU"
    },
    "bottleneck3_10/add": {
        "real_time": 0,
        "cpu_time": 0,
        "execution_index": 173,
        "exec_type": "undef",
        "status": "NOT_RUN",
        "layer_type": "Eltwise"
    },
    "bottleneck2_7/dim_red/fn": {
        "real_time": 0,
        "cpu_time": 0,
        "execution_index": 83,
        "exec_type": "undef",
        "status": "NOT_RUN",
        "layer_type": "ReLU"
    },
    "bottleneck2_2/dim_red/conv": {
        "real_time": 419,
        "cpu_time": 419,
        "execution_index": 47,
        "exec_type": "jit_avx2_1x1_FP32",
        "status": "EXECUTED",
        "layer_type": "Convolution"
    },
    "bottleneck2_5/add": {
        "real_time": 0,
        "cpu_time": 0,
        "execution_index": 73,
        "exec_type": "undef",
        "status": "NOT_RUN",
        "layer_type": "Eltwise"
    },
    "mbox_conf1/out/conv/flat/softmax": {
        "real_time": 464,
        "cpu_time": 464,
        "execution_index": 267,
        "exec_type": "ref_any_FP32",
        "status": "EXECUTED",
        "layer_type": "SoftMax"
    },
    "bottleneck2_6/fn": {
        "real_time": 0,
        "cpu_time": 0,
        "execution_index": 81,
        "exec_type": "undef",
        "status": "NOT_RUN",
        "layer_type": "ReLU"
    },
    "bottleneck3_5/dim_red/conv": {
        "real_time": 406,
        "cpu_time": 406,
        "execution_index": 133,
        "exec_type": "jit_avx2_1x1_FP32",
        "status": "EXECUTED",
        "layer_type": "Convolution"
    },
    "bottleneck2_1/fn": {
        "real_time": 0,
        "cpu_time": 0,
        "execution_index": 46,
        "exec_type": "undef",
        "status": "NOT_RUN",
        "layer_type": "ReLU"
    },
    "mbox_loc1/out/conv/perm": {
        "real_time": 53,
        "cpu_time": 53,
        "execution_index": 270,
        "exec_type": "unknown_FP32",
        "status": "EXECUTED",
        "layer_type": "Permute"
    },
    "bottleneck4_0/dim_red/fn": {
        "real_time": 0,
        "cpu_time": 0,
        "execution_index": 176,
        "exec_type": "undef",
        "status": "NOT_RUN",
        "layer_type": "ReLU"
    },
    "bottleneck4_9/add": {
        "real_time": 0,
        "cpu_time": 0,
        "execution_index": 245,
        "exec_type": "undef",
        "status": "NOT_RUN",
        "layer_type": "Eltwise"
    },
    "bottleneck3_8/dim_inc/conv": {
        "real_time": 383,
        "cpu_time": 383,
        "execution_index": 158,
        "exec_type": "jit_avx2_1x1_FP32",
        "status": "EXECUTED",
        "layer_type": "Convolution"
    },
    "bottleneck3_1/dim_red/conv": {
        "real_time": 409,
        "cpu_time": 409,
        "execution_index": 105,
        "exec_type": "jit_avx2_1x1_FP32",
        "status": "EXECUTED",
        "layer_type": "Convolution"
    },
    "bottleneck2_4/inner/dw1/conv": {
        "real_time": 129,
        "cpu_time": 129,
        "execution_index": 63,
        "exec_type": "jit_avx2_dw_FP32",
        "status": "EXECUTED",
        "layer_type": "Convolution"
    },
    "bottleneck2_0/inner/dw1/conv": {
        "real_time": 221,
        "cpu_time": 221,
        "execution_index": 33,
        "exec_type": "jit_avx2_dw_FP32",
        "status": "EXECUTED",
        "layer_type": "Convolution"
    },
    "bottleneck3_7/inner/dw1/conv": {
        "real_time": 69,
        "cpu_time": 69,
        "execution_index": 149,
        "exec_type": "jit_avx2_dw_FP32",
        "status": "EXECUTED",
        "layer_type": "Convolution"
    },
    "bottleneck2_2/dim_inc/conv": {
        "real_time": 446,
        "cpu_time": 446,
        "execution_index": 51,
        "exec_type": "jit_avx2_1x1_FP32",
        "status": "EXECUTED",
        "layer_type": "Convolution"
    },
    "bottleneck3_1/fn": {
        "real_time": 0,
        "cpu_time": 0,
        "execution_index": 111,
        "exec_type": "undef",
        "status": "NOT_RUN",
        "layer_type": "ReLU"
    },
    "bottleneck2_6/inner/dw1/fn": {
        "real_time": 0,
        "cpu_time": 0,
        "execution_index": 78,
        "exec_type": "undef",
        "status": "NOT_RUN",
        "layer_type": "ReLU"
    },
    "bottleneck3_5/fn": {
        "real_time": 0,
        "cpu_time": 0,
        "execution_index": 139,
        "exec_type": "undef",
        "status": "NOT_RUN",
        "layer_type": "ReLU"
    },
    "bottleneck3_4/inner/dw1/conv": {
        "real_time": 70,
        "cpu_time": 70,
        "execution_index": 128,
        "exec_type": "jit_avx2_dw_FP32",
        "status": "EXECUTED",
        "layer_type": "Convolution"
    },
    "bottleneck4_10/dim_inc/conv": {
        "real_time": 345,
        "cpu_time": 345,
        "execution_index": 251,
        "exec_type": "jit_avx2_1x1_FP32",
        "status": "EXECUTED",
        "layer_type": "Convolution"
    },
    "out_detection_out": {
        "real_time": 0,
        "cpu_time": 0,
        "execution_index": 273,
        "exec_type": "unknown_FP32",
        "status": "NOT_RUN",
        "layer_type": "Output"
    },
    "bottleneck2_5/dim_red/conv": {
        "real_time": 421,
        "cpu_time": 421,
        "execution_index": 68,
        "exec_type": "jit_avx2_1x1_FP32",
        "status": "EXECUTED",
        "layer_type": "Convolution"
    },
    "bottleneck2_6/dim_red/fn": {
        "real_time": 0,
        "cpu_time": 0,
        "execution_index": 76,
        "exec_type": "undef",
        "status": "NOT_RUN",
        "layer_type": "ReLU"
    },
    "bottleneck4_5/add": {
        "real_time": 0,
        "cpu_time": 0,
        "execution_index": 217,
        "exec_type": "undef",
        "status": "NOT_RUN",
        "layer_type": "Eltwise"
    },
    "mbox_loc1/out/conv/flat": {
        "real_time": 0,
        "cpu_time": 0,
        "execution_index": 271,
        "exec_type": "unknown_FP32",
        "status": "NOT_RUN",
        "layer_type": "Flatten"
    },
    "bottleneck3_3/inner/dw1/fn": {
        "real_time": 0,
        "cpu_time": 0,
        "execution_index": 122,
        "exec_type": "undef",
        "status": "NOT_RUN",
        "layer_type": "ReLU"
    },
    "bottleneck1_3/dim_inc/conv": {
        "real_time": 664,
        "cpu_time": 664,
        "execution_index": 21,
        "exec_type": "jit_avx2_1x1_FP32",
        "status": "EXECUTED",
        "layer_type": "Convolution"
    },
    "bottleneck3_10/inner/dw1/conv": {
        "real_time": 69,
        "cpu_time": 69,
        "execution_index": 170,
        "exec_type": "jit_avx2_dw_FP32",
        "status": "EXECUTED",
        "layer_type": "Convolution"
    },
    "bottleneck4_11/inner/dw1/fn": {
        "real_time": 0,
        "cpu_time": 0,
        "execution_index": 257,
        "exec_type": "undef",
        "status": "NOT_RUN",
        "layer_type": "ReLU"
    },
    "bottleneck4_7/dim_red/conv": {
        "real_time": 371,
        "cpu_time": 371,
        "execution_index": 226,
        "exec_type": "jit_avx2_1x1_FP32",
        "status": "EXECUTED",
        "layer_type": "Convolution"
    },
    "bottleneck3_9/add": {
        "real_time": 0,
        "cpu_time": 0,
        "execution_index": 166,
        "exec_type": "undef",
        "status": "NOT_RUN",
        "layer_type": "Eltwise"
    },
    "bottleneck4_9/dim_red/conv": {
        "real_time": 371,
        "cpu_time": 371,
        "execution_index": 240,
        "exec_type": "jit_avx2_1x1_FP32",
        "status": "EXECUTED",
        "layer_type": "Convolution"
    },
    "bottleneck3_10/dim_inc/conv": {
        "real_time": 384,
        "cpu_time": 384,
        "execution_index": 172,
        "exec_type": "jit_avx2_1x1_FP32",
        "status": "EXECUTED",
        "layer_type": "Convolution"
    },
    "bottleneck4_9/dim_red/fn": {
        "real_time": 0,
        "cpu_time": 0,
        "execution_index": 241,
        "exec_type": "undef",
        "status": "NOT_RUN",
        "layer_type": "ReLU"
    },
    "bottleneck3_8/dim_red/conv": {
        "real_time": 404,
        "cpu_time": 404,
        "execution_index": 154,
        "exec_type": "jit_avx2_1x1_FP32",
        "status": "EXECUTED",
        "layer_type": "Convolution"
    },
    "bottleneck1_4/inner/dw1/conv": {
        "real_time": 258,
        "cpu_time": 258,
        "execution_index": 26,
        "exec_type": "jit_avx2_dw_FP32",
        "status": "EXECUTED",
        "layer_type": "Convolution"
    },
    "bottleneck3_1/inner/dw1/fn": {
        "real_time": 0,
        "cpu_time": 0,
        "execution_index": 108,
        "exec_type": "undef",
        "status": "NOT_RUN",
        "layer_type": "ReLU"
    },
    "bottleneck4_8/dim_red/conv": {
        "real_time": 369,
        "cpu_time": 369,
        "execution_index": 233,
        "exec_type": "jit_avx2_1x1_FP32",
        "status": "EXECUTED",
        "layer_type": "Convolution"
    },
    "bottleneck3_6/fn": {
        "real_time": 0,
        "cpu_time": 0,
        "execution_index": 146,
        "exec_type": "undef",
        "status": "NOT_RUN",
        "layer_type": "ReLU"
    },
    "bottleneck4_1/dim_red/fn": {
        "real_time": 0,
        "cpu_time": 0,
        "execution_index": 185,
        "exec_type": "undef",
        "status": "NOT_RUN",
        "layer_type": "ReLU"
    },
    "bottleneck4_0/skip/pooling": {
        "real_time": 232,
        "cpu_time": 232,
        "execution_index": 180,
        "exec_type": "jit_avx_FP32",
        "status": "EXECUTED",
        "layer_type": "Pooling"
    },
    "bottleneck4_0/add": {
        "real_time": 0,
        "cpu_time": 0,
        "execution_index": 182,
        "exec_type": "undef",
        "status": "NOT_RUN",
        "layer_type": "Eltwise"
    },
    "bottleneck2_5/fn": {
        "real_time": 0,
        "cpu_time": 0,
        "execution_index": 74,
        "exec_type": "undef",
        "status": "NOT_RUN",
        "layer_type": "ReLU"
    },
    "Mul_12599/Fused_Mul_/FusedScaleShift_": {
        "real_time": 373,
        "cpu_time": 373,
        "execution_index": 0,
        "exec_type": "jit_avx2_FP32",
        "status": "EXECUTED",
        "layer_type": "ScaleShift"
    },
    "bottleneck4_6/inner/dw1/fn": {
        "real_time": 0,
        "cpu_time": 0,
        "execution_index": 222,
        "exec_type": "undef",
        "status": "NOT_RUN",
        "layer_type": "ReLU"
    },
    "bottleneck4_5/fn": {
        "real_time": 0,
        "cpu_time": 0,
        "execution_index": 218,
        "exec_type": "undef",
        "status": "NOT_RUN",
        "layer_type": "ReLU"
    },
    "bottleneck3_0/fn": {
        "real_time": 0,
        "cpu_time": 0,
        "execution_index": 104,
        "exec_type": "undef",
        "status": "NOT_RUN",
        "layer_type": "ReLU"
    },
    "bottleneck4_3/dim_inc/conv": {
        "real_time": 344,
        "cpu_time": 344,
        "execution_index": 202,
        "exec_type": "jit_avx2_1x1_FP32",
        "status": "EXECUTED",
        "layer_type": "Convolution"
    },
    "bottleneck4_10/inner/dw1/conv": {
        "real_time": 42,
        "cpu_time": 42,
        "execution_index": 249,
        "exec_type": "jit_avx2_dw_FP32",
        "status": "EXECUTED",
        "layer_type": "Convolution"
    },
    "bottleneck4_8/inner/dw1/fn": {
        "real_time": 0,
        "cpu_time": 0,
        "execution_index": 236,
        "exec_type": "undef",
        "status": "NOT_RUN",
        "layer_type": "ReLU"
    },
    "bottleneck4_3/dim_red/fn": {
        "real_time": 0,
        "cpu_time": 0,
        "execution_index": 199,
        "exec_type": "undef",
        "status": "NOT_RUN",
        "layer_type": "ReLU"
    },
    "bottleneck3_2/add": {
        "real_time": 0,
        "cpu_time": 0,
        "execution_index": 117,
        "exec_type": "undef",
        "status": "NOT_RUN",
        "layer_type": "Eltwise"
    },
    "bottleneck4_5/dim_red/fn": {
        "real_time": 0,
        "cpu_time": 0,
        "execution_index": 213,
        "exec_type": "undef",
        "status": "NOT_RUN",
        "layer_type": "ReLU"
    },
    "bottleneck3_0/inner/dw1/fn": {
        "real_time": 0,
        "cpu_time": 0,
        "execution_index": 99,
        "exec_type": "undef",
        "status": "NOT_RUN",
        "layer_type": "ReLU"
    },
    "bottleneck3_0/skip/pooling": {
        "real_time": 434,
        "cpu_time": 434,
        "execution_index": 101,
        "exec_type": "jit_avx_FP32",
        "status": "EXECUTED",
        "layer_type": "Pooling"
    },
    "bottleneck4_11/dim_red/conv": {
        "real_time": 371,
        "cpu_time": 371,
        "execution_index": 254,
        "exec_type": "jit_avx2_1x1_FP32",
        "status": "EXECUTED",
        "layer_type": "Convolution"
    },
    "bottleneck2_3/add": {
        "real_time": 0,
        "cpu_time": 0,
        "execution_index": 59,
        "exec_type": "undef",
        "status": "NOT_RUN",
        "layer_type": "Eltwise"
    },
    "bottleneck4_1/fn": {
        "real_time": 0,
        "cpu_time": 0,
        "execution_index": 190,
        "exec_type": "undef",
        "status": "NOT_RUN",
        "layer_type": "ReLU"
    },
    "bottleneck2_1/inner/dw1/conv": {
        "real_time": 142,
        "cpu_time": 142,
        "execution_index": 42,
        "exec_type": "jit_avx2_dw_FP32",
        "status": "EXECUTED",
        "layer_type": "Convolution"
    },
    "bottleneck1_1/dim_red/fn": {
        "real_time": 0,
        "cpu_time": 0,
        "execution_index": 4,
        "exec_type": "undef",
        "status": "NOT_RUN",
        "layer_type": "ReLU"
    },
    "bottleneck3_5/dim_red/fn": {
        "real_time": 0,
        "cpu_time": 0,
        "execution_index": 134,
        "exec_type": "undef",
        "status": "NOT_RUN",
        "layer_type": "ReLU"
    },
    "bottleneck2_0/fn": {
        "real_time": 0,
        "cpu_time": 0,
        "execution_index": 39,
        "exec_type": "undef",
        "status": "NOT_RUN",
        "layer_type": "ReLU"
    },
    "bottleneck4_10/fn": {
        "real_time": 0,
        "cpu_time": 0,
        "execution_index": 253,
        "exec_type": "undef",
        "status": "NOT_RUN",
        "layer_type": "ReLU"
    },
    "bottleneck3_6/inner/dw1/fn": {
        "real_time": 0,
        "cpu_time": 0,
        "execution_index": 143,
        "exec_type": "undef",
        "status": "NOT_RUN",
        "layer_type": "ReLU"
    },
    "bottleneck2_6/add": {
        "real_time": 0,
        "cpu_time": 0,
        "execution_index": 80,
        "exec_type": "undef",
        "status": "NOT_RUN",
        "layer_type": "Eltwise"
    },
    "bottleneck2_4/dim_red/conv": {
        "real_time": 419,
        "cpu_time": 419,
        "execution_index": 61,
        "exec_type": "jit_avx2_1x1_FP32",
        "status": "EXECUTED",
        "layer_type": "Convolution"
    },
    "bottleneck3_0/inner/dw1/conv": {
        "real_time": 108,
        "cpu_time": 108,
        "execution_index": 98,
        "exec_type": "jit_avx2_dw_FP32",
        "status": "EXECUTED",
        "layer_type": "Convolution"
    },
    "bottleneck2_2/inner/dw1/fn": {
        "real_time": 0,
        "cpu_time": 0,
        "execution_index": 50,
        "exec_type": "undef",
        "status": "NOT_RUN",
        "layer_type": "ReLU"
    },
    "bottleneck3_5/dim_inc/conv": {
        "real_time": 382,
        "cpu_time": 382,
        "execution_index": 137,
        "exec_type": "jit_avx2_1x1_FP32",
        "status": "EXECUTED",
        "layer_type": "Convolution"
    },
    "bottleneck4_3/dim_red/conv": {
        "real_time": 367,
        "cpu_time": 367,
        "execution_index": 198,
        "exec_type": "jit_avx2_1x1_FP32",
        "status": "EXECUTED",
        "layer_type": "Convolution"
    },
    "bottleneck2_4/fn": {
        "real_time": 0,
        "cpu_time": 0,
        "execution_index": 67,
        "exec_type": "undef",
        "status": "NOT_RUN",
        "layer_type": "ReLU"
    },
    "bottleneck3_7/dim_red/conv": {
        "real_time": 407,
        "cpu_time": 407,
        "execution_index": 147,
        "exec_type": "jit_avx2_1x1_FP32",
        "status": "EXECUTED",
        "layer_type": "Convolution"
    },
    "bottleneck3_2/dim_inc/conv": {
        "real_time": 382,
        "cpu_time": 382,
        "execution_index": 116,
        "exec_type": "jit_avx2_1x1_FP32",
        "status": "EXECUTED",
        "layer_type": "Convolution"
    },
    "bottleneck2_5/dim_inc/conv": {
        "real_time": 443,
        "cpu_time": 443,
        "execution_index": 72,
        "exec_type": "jit_avx2_1x1_FP32",
        "status": "EXECUTED",
        "layer_type": "Convolution"
    },
    "bottleneck2_0/inner/dw1/fn": {
        "real_time": 0,
        "cpu_time": 0,
        "execution_index": 34,
        "exec_type": "undef",
        "status": "NOT_RUN",
        "layer_type": "ReLU"
    },
    "bottleneck2_0/skip/conv": {
        "real_time": 790,
        "cpu_time": 790,
        "execution_index": 37,
        "exec_type": "jit_avx2_1x1_FP32",
        "status": "EXECUTED",
        "layer_type": "Convolution"
    },
    "bottleneck3_0/dim_red/conv": {
        "real_time": 819,
        "cpu_time": 819,
        "execution_index": 96,
        "exec_type": "jit_avx2_1x1_FP32",
        "status": "EXECUTED",
        "layer_type": "Convolution"
    },
    "bottleneck2_8/dim_red/fn": {
        "real_time": 0,
        "cpu_time": 0,
        "execution_index": 90,
        "exec_type": "undef",
        "status": "NOT_RUN",
        "layer_type": "ReLU"
    },
    "bottleneck3_6/inner/dw1/conv": {
        "real_time": 101,
        "cpu_time": 101,
        "execution_index": 142,
        "exec_type": "jit_avx2_dw_FP32",
        "status": "EXECUTED",
        "layer_type": "Convolution"
    },
    "bottleneck4_0/dim_red/conv": {
        "real_time": 689,
        "cpu_time": 689,
        "execution_index": 175,
        "exec_type": "jit_avx2_1x1_FP32",
        "status": "EXECUTED",
        "layer_type": "Convolution"
    },
    "bottleneck4_1/dim_inc/conv": {
        "real_time": 340,
        "cpu_time": 340,
        "execution_index": 188,
        "exec_type": "jit_avx2_1x1_FP32",
        "status": "EXECUTED",
        "layer_type": "Convolution"
    },
    "bottleneck2_5/dim_red/fn": {
        "real_time": 0,
        "cpu_time": 0,
        "execution_index": 69,
        "exec_type": "undef",
        "status": "NOT_RUN",
        "layer_type": "ReLU"
    },
    "bottleneck4_4/dim_red/conv": {
        "real_time": 369,
        "cpu_time": 369,
        "execution_index": 205,
        "exec_type": "jit_avx2_1x1_FP32",
        "status": "EXECUTED",
        "layer_type": "Convolution"
    },
    "bottleneck2_2/add": {
        "real_time": 0,
        "cpu_time": 0,
        "execution_index": 52,
        "exec_type": "undef",
        "status": "NOT_RUN",
        "layer_type": "Eltwise"
    },
    "bottleneck2_3/fn": {
        "real_time": 0,
        "cpu_time": 0,
        "execution_index": 60,
        "exec_type": "undef",
        "status": "NOT_RUN",
        "layer_type": "ReLU"
    },
    "bottleneck2_3/dim_red/fn": {
        "real_time": 0,
        "cpu_time": 0,
        "execution_index": 55,
        "exec_type": "undef",
        "status": "NOT_RUN",
        "layer_type": "ReLU"
    },
    "bottleneck4_11/fn": {
        "real_time": 0,
        "cpu_time": 0,
        "execution_index": 260,
        "exec_type": "undef",
        "status": "NOT_RUN",
        "layer_type": "ReLU"
    },
    "init_block1/dim_inc/fn": {
        "real_time": 0,
        "cpu_time": 0,
        "execution_index": 2,
        "exec_type": "undef",
        "status": "NOT_RUN",
        "layer_type": "ReLU"
    },
    "bottleneck4_6/add": {
        "real_time": 0,
        "cpu_time": 0,
        "execution_index": 224,
        "exec_type": "undef",
        "status": "NOT_RUN",
        "layer_type": "Eltwise"
    },
    "bottleneck4_8/dim_red/fn": {
        "real_time": 0,
        "cpu_time": 0,
        "execution_index": 234,
        "exec_type": "undef",
        "status": "NOT_RUN",
        "layer_type": "ReLU"
    },
    "bottleneck4_10/dim_red/fn": {
        "real_time": 0,
        "cpu_time": 0,
        "execution_index": 248,
        "exec_type": "undef",
        "status": "NOT_RUN",
        "layer_type": "ReLU"
    },
    "bottleneck1_4/inner/dw1/fn": {
        "real_time": 0,
        "cpu_time": 0,
        "execution_index": 27,
        "exec_type": "undef",
        "status": "NOT_RUN",
        "layer_type": "ReLU"
    },
    "bottleneck2_5/inner/dw1/fn": {
        "real_time": 0,
        "cpu_time": 0,
        "execution_index": 71,
        "exec_type": "undef",
        "status": "NOT_RUN",
        "layer_type": "ReLU"
    },
    "bottleneck3_8/dim_red/fn": {
        "real_time": 0,
        "cpu_time": 0,
        "execution_index": 155,
        "exec_type": "undef",
        "status": "NOT_RUN",
        "layer_type": "ReLU"
    },
    "bottleneck1_2/inner/dw1/conv": {
        "real_time": 258,
        "cpu_time": 258,
        "execution_index": 12,
        "exec_type": "jit_avx2_dw_FP32",
        "status": "EXECUTED",
        "layer_type": "Convolution"
    },
    "bottleneck2_0/dim_red/conv": {
        "real_time": 907,
        "cpu_time": 907,
        "execution_index": 31,
        "exec_type": "jit_avx2_1x1_FP32",
        "status": "EXECUTED",
        "layer_type": "Convolution"
    },
    "bottleneck1_1/inner/dw1/conv": {
        "real_time": 264,
        "cpu_time": 264,
        "execution_index": 5,
        "exec_type": "jit_avx2_dw_FP32",
        "status": "EXECUTED",
        "layer_type": "Convolution"
    },
    "bottleneck2_2/dim_red/fn": {
        "real_time": 0,
        "cpu_time": 0,
        "execution_index": 48,
        "exec_type": "undef",
        "status": "NOT_RUN",
        "layer_type": "ReLU"
    },
    "bottleneck4_2/dim_inc/conv": {
        "real_time": 341,
        "cpu_time": 341,
        "execution_index": 195,
        "exec_type": "jit_avx2_1x1_FP32",
        "status": "EXECUTED",
        "layer_type": "Convolution"
    },
    "bottleneck3_9/dim_red/conv": {
        "real_time": 407,
        "cpu_time": 407,
        "execution_index": 161,
        "exec_type": "jit_avx2_1x1_FP32",
        "status": "EXECUTED",
        "layer_type": "Convolution"
    },
    "bottleneck3_3/add": {
        "real_time": 0,
        "cpu_time": 0,
        "execution_index": 124,
        "exec_type": "undef",
        "status": "NOT_RUN",
        "layer_type": "Eltwise"
    },
    "bottleneck3_2/dim_red/fn": {
        "real_time": 0,
        "cpu_time": 0,
        "execution_index": 113,
        "exec_type": "undef",
        "status": "NOT_RUN",
        "layer_type": "ReLU"
    },
    "bottleneck4_6/inner/dw1/conv": {
        "real_time": 41,
        "cpu_time": 41,
        "execution_index": 221,
        "exec_type": "jit_avx2_dw_FP32",
        "status": "EXECUTED",
        "layer_type": "Convolution"
    },
    "bottleneck3_2/fn": {
        "real_time": 0,
        "cpu_time": 0,
        "execution_index": 118,
        "exec_type": "undef",
        "status": "NOT_RUN",
        "layer_type": "ReLU"
    },
    "bottleneck3_3/dim_red/fn": {
        "real_time": 0,
        "cpu_time": 0,
        "execution_index": 120,
        "exec_type": "undef",
        "status": "NOT_RUN",
        "layer_type": "ReLU"
    },
    "bottleneck3_7/dim_inc/conv": {
        "real_time": 381,
        "cpu_time": 381,
        "execution_index": 151,
        "exec_type": "jit_avx2_1x1_FP32",
        "status": "EXECUTED",
        "layer_type": "Convolution"
    },
    "bottleneck4_0/inner/dw1/fn": {
        "real_time": 0,
        "cpu_time": 0,
        "execution_index": 178,
        "exec_type": "undef",
        "status": "NOT_RUN",
        "layer_type": "ReLU"
    },
    "bottleneck4_3/add": {
        "real_time": 0,
        "cpu_time": 0,
        "execution_index": 203,
        "exec_type": "undef",
        "status": "NOT_RUN",
        "layer_type": "Eltwise"
    },
    "bottleneck4_9/dim_inc/conv": {
        "real_time": 346,
        "cpu_time": 346,
        "execution_index": 244,
        "exec_type": "jit_avx2_1x1_FP32",
        "status": "EXECUTED",
        "layer_type": "Convolution"
    },
    "bottleneck2_0/add": {
        "real_time": 0,
        "cpu_time": 0,
        "execution_index": 38,
        "exec_type": "undef",
        "status": "NOT_RUN",
        "layer_type": "Eltwise"
    },
    "bottleneck4_3/inner/dw1/conv": {
        "real_time": 41,
        "cpu_time": 41,
        "execution_index": 200,
        "exec_type": "jit_avx2_dw_FP32",
        "status": "EXECUTED",
        "layer_type": "Convolution"
    },
    "bottleneck2_4/add": {
        "real_time": 0,
        "cpu_time": 0,
        "execution_index": 66,
        "exec_type": "undef",
        "status": "NOT_RUN",
        "layer_type": "Eltwise"
    },
    "bottleneck4_10/inner/dw1/fn": {
        "real_time": 0,
        "cpu_time": 0,
        "execution_index": 250,
        "exec_type": "undef",
        "status": "NOT_RUN",
        "layer_type": "ReLU"
    },
    "bottleneck3_4/fn": {
        "real_time": 0,
        "cpu_time": 0,
        "execution_index": 132,
        "exec_type": "undef",
        "status": "NOT_RUN",
        "layer_type": "ReLU"
    },
    "bottleneck4_7/inner/dw1/conv": {
        "real_time": 41,
        "cpu_time": 41,
        "execution_index": 228,
        "exec_type": "jit_avx2_dw_FP32",
        "status": "EXECUTED",
        "layer_type": "Convolution"
    },
    "bottleneck4_11/inner/dw1/conv": {
        "real_time": 42,
        "cpu_time": 42,
        "execution_index": 256,
        "exec_type": "jit_avx2_dw_FP32",
        "status": "EXECUTED",
        "layer_type": "Convolution"
    },
    "bottleneck4_7/dim_inc/conv": {
        "real_time": 344,
        "cpu_time": 344,
        "execution_index": 230,
        "exec_type": "jit_avx2_1x1_FP32",
        "status": "EXECUTED",
        "layer_type": "Convolution"
    },
    "bottleneck4_7/fn": {
        "real_time": 0,
        "cpu_time": 0,
        "execution_index": 232,
        "exec_type": "undef",
        "status": "NOT_RUN",
        "layer_type": "ReLU"
    },
    "bottleneck4_1/add": {
        "real_time": 0,
        "cpu_time": 0,
        "execution_index": 189,
        "exec_type": "undef",
        "status": "NOT_RUN",
        "layer_type": "Eltwise"
    },
    "bottleneck3_7/fn": {
        "real_time": 0,
        "cpu_time": 0,
        "execution_index": 153,
        "exec_type": "undef",
        "status": "NOT_RUN",
        "layer_type": "ReLU"
    },
    "bottleneck3_0/skip/conv": {
        "real_time": 693,
        "cpu_time": 693,
        "execution_index": 102,
        "exec_type": "jit_avx2_1x1_FP32",
        "status": "EXECUTED",
        "layer_type": "Convolution"
    },
    "bottleneck1_3/inner/dw1/conv": {
        "real_time": 258,
        "cpu_time": 258,
        "execution_index": 19,
        "exec_type": "jit_avx2_dw_FP32",
        "status": "EXECUTED",
        "layer_type": "Convolution"
    },
    "bottleneck4_8/dim_inc/conv": {
        "real_time": 345,
        "cpu_time": 345,
        "execution_index": 237,
        "exec_type": "jit_avx2_1x1_FP32",
        "status": "EXECUTED",
        "layer_type": "Convolution"
    },
    "bottleneck4_2/add": {
        "real_time": 0,
        "cpu_time": 0,
        "execution_index": 196,
        "exec_type": "undef",
        "status": "NOT_RUN",
        "layer_type": "Eltwise"
    },
    "bottleneck1_1/dim_red/conv": {
        "real_time": 754,
        "cpu_time": 754,
        "execution_index": 3,
        "exec_type": "jit_avx2_1x1_FP32",
        "status": "EXECUTED",
        "layer_type": "Convolution"
    },
    "bottleneck4_8/add": {
        "real_time": 0,
        "cpu_time": 0,
        "execution_index": 238,
        "exec_type": "undef",
        "status": "NOT_RUN",
        "layer_type": "Eltwise"
    },
    "bottleneck3_6/dim_red/fn": {
        "real_time": 0,
        "cpu_time": 0,
        "execution_index": 141,
        "exec_type": "undef",
        "status": "NOT_RUN",
        "layer_type": "ReLU"
    },
    "bottleneck4_7/dim_red/fn": {
        "real_time": 0,
        "cpu_time": 0,
        "execution_index": 227,
        "exec_type": "undef",
        "status": "NOT_RUN",
        "layer_type": "ReLU"
    },
    "bottleneck3_9/inner/dw1/conv": {
        "real_time": 69,
        "cpu_time": 69,
        "execution_index": 163,
        "exec_type": "jit_avx2_dw_FP32",
        "status": "EXECUTED",
        "layer_type": "Convolution"
    },
    "bottleneck3_2/dim_red/conv": {
        "real_time": 408,
        "cpu_time": 408,
        "execution_index": 112,
        "exec_type": "jit_avx2_1x1_FP32",
        "status": "EXECUTED",
        "layer_type": "Convolution"
    },
    "bottleneck4_2/inner/dw1/fn": {
        "real_time": 0,
        "cpu_time": 0,
        "execution_index": 194,
        "exec_type": "undef",
        "status": "NOT_RUN",
        "layer_type": "ReLU"
    },
    "bottleneck3_10/fn": {
        "real_time": 0,
        "cpu_time": 0,
        "execution_index": 174,
        "exec_type": "undef",
        "status": "NOT_RUN",
        "layer_type": "ReLU"
    },
    "bottleneck4_3/inner/dw1/fn": {
        "real_time": 0,
        "cpu_time": 0,
        "execution_index": 201,
        "exec_type": "undef",
        "status": "NOT_RUN",
        "layer_type": "ReLU"
    },
    "bottleneck3_2/inner/dw1/conv": {
        "real_time": 69,
        "cpu_time": 69,
        "execution_index": 114,
        "exec_type": "jit_avx2_dw_FP32",
        "status": "EXECUTED",
        "layer_type": "Convolution"
    },
    "bottleneck4_7/add": {
        "real_time": 0,
        "cpu_time": 0,
        "execution_index": 231,
        "exec_type": "undef",
        "status": "NOT_RUN",
        "layer_type": "Eltwise"
    },
    "bottleneck3_7/dim_red/fn": {
        "real_time": 0,
        "cpu_time": 0,
        "execution_index": 148,
        "exec_type": "undef",
        "status": "NOT_RUN",
        "layer_type": "ReLU"
    },
    "bottleneck3_6/add": {
        "real_time": 0,
        "cpu_time": 0,
        "execution_index": 145,
        "exec_type": "undef",
        "status": "NOT_RUN",
        "layer_type": "Eltwise"
    },
    "bottleneck3_1/inner/dw1/conv": {
        "real_time": 70,
        "cpu_time": 70,
        "execution_index": 107,
        "exec_type": "jit_avx2_dw_FP32",
        "status": "EXECUTED",
        "layer_type": "Convolution"
    },
    "init_block1/dim_inc/conv": {
        "real_time": 1304,
        "cpu_time": 1304,
        "execution_index": 1,
        "exec_type": "jit_avx2_FP32",
        "status": "EXECUTED",
        "layer_type": "Convolution"
    },
    "bottleneck2_6/inner/dw1/conv": {
        "real_time": 130,
        "cpu_time": 130,
        "execution_index": 77,
        "exec_type": "jit_avx2_dw_FP32",
        "status": "EXECUTED",
        "layer_type": "Convolution"
    },
    "bottleneck3_10/inner/dw1/fn": {
        "real_time": 0,
        "cpu_time": 0,
        "execution_index": 171,
        "exec_type": "undef",
        "status": "NOT_RUN",
        "layer_type": "ReLU"
    },
    "bottleneck2_3/inner/dw1/fn": {
        "real_time": 0,
        "cpu_time": 0,
        "execution_index": 57,
        "exec_type": "undef",
        "status": "NOT_RUN",
        "layer_type": "ReLU"
    },
    "bottleneck3_3/dim_red/conv": {
        "real_time": 407,
        "cpu_time": 407,
        "execution_index": 119,
        "exec_type": "jit_avx2_1x1_FP32",
        "status": "EXECUTED",
        "layer_type": "Convolution"
    },
    "bottleneck4_11/dim_inc/conv": {
        "real_time": 344,
        "cpu_time": 344,
        "execution_index": 258,
        "exec_type": "jit_avx2_1x1_FP32",
        "status": "EXECUTED",
        "layer_type": "Convolution"
    },
    "bottleneck2_0/skip/pooling": {
        "real_time": 891,
        "cpu_time": 891,
        "execution_index": 36,
        "exec_type": "jit_avx_FP32",
        "status": "EXECUTED",
        "layer_type": "Pooling"
    },
    "bottleneck4_4/inner/dw1/conv": {
        "real_time": 41,
        "cpu_time": 41,
        "execution_index": 207,
        "exec_type": "jit_avx2_dw_FP32",
        "status": "EXECUTED",
        "layer_type": "Convolution"
    },
    "mbox_loc1/out/conv": {
        "real_time": 2475,
        "cpu_time": 2475,
        "execution_index": 269,
        "exec_type": "jit_avx2_FP32",
        "status": "EXECUTED",
        "layer_type": "Convolution"
    },
    "bottleneck4_8/fn": {
        "real_time": 0,
        "cpu_time": 0,
        "execution_index": 239,
        "exec_type": "undef",
        "status": "NOT_RUN",
        "layer_type": "ReLU"
    },
    "bottleneck2_0/dim_red/fn": {
        "real_time": 0,
        "cpu_time": 0,
        "execution_index": 32,
        "exec_type": "undef",
        "status": "NOT_RUN",
        "layer_type": "ReLU"
    },
    "bottleneck2_7/inner/dw1/conv": {
        "real_time": 129,
        "cpu_time": 129,
        "execution_index": 84,
        "exec_type": "jit_avx2_dw_FP32",
        "status": "EXECUTED",
        "layer_type": "Convolution"
    },
    "bottleneck2_8/dim_inc/conv": {
        "real_time": 446,
        "cpu_time": 446,
        "execution_index": 93,
        "exec_type": "jit_avx2_1x1_FP32",
        "status": "EXECUTED",
        "layer_type": "Convolution"
    },
    "bottleneck3_3/fn": {
        "real_time": 0,
        "cpu_time": 0,
        "execution_index": 125,
        "exec_type": "undef",
        "status": "NOT_RUN",
        "layer_type": "ReLU"
    },
    "bottleneck4_5/inner/dw1/conv": {
        "real_time": 42,
        "cpu_time": 42,
        "execution_index": 214,
        "exec_type": "jit_avx2_dw_FP32",
        "status": "EXECUTED",
        "layer_type": "Convolution"
    },
    "bottleneck1_3/inner/dw1/fn": {
        "real_time": 0,
        "cpu_time": 0,
        "execution_index": 20,
        "exec_type": "undef",
        "status": "NOT_RUN",
        "layer_type": "ReLU"
    },
    "bottleneck4_4/inner/dw1/fn": {
        "real_time": 0,
        "cpu_time": 0,
        "execution_index": 208,
        "exec_type": "undef",
        "status": "NOT_RUN",
        "layer_type": "ReLU"
    },
    "bottleneck2_8/inner/dw1/conv": {
        "real_time": 129,
        "cpu_time": 129,
        "execution_index": 91,
        "exec_type": "jit_avx2_dw_FP32",
        "status": "EXECUTED",
        "layer_type": "Convolution"
    },
    "bottleneck4_1/inner/dw1/conv": {
        "real_time": 41,
        "cpu_time": 41,
        "execution_index": 186,
        "exec_type": "jit_avx2_dw_FP32",
        "status": "EXECUTED",
        "layer_type": "Convolution"
    },
    "bottleneck3_4/dim_red/conv": {
        "real_time": 405,
        "cpu_time": 405,
        "execution_index": 126,
        "exec_type": "jit_avx2_1x1_FP32",
        "status": "EXECUTED",
        "layer_type": "Convolution"
    },
    "bottleneck1_4/add": {
        "real_time": 0,
        "cpu_time": 0,
        "execution_index": 29,
        "exec_type": "undef",
        "status": "NOT_RUN",
        "layer_type": "Eltwise"
    },
    "bottleneck4_4/dim_red/fn": {
        "real_time": 0,
        "cpu_time": 0,
        "execution_index": 206,
        "exec_type": "undef",
        "status": "NOT_RUN",
        "layer_type": "ReLU"
    },
    "bottleneck3_8/fn": {
        "real_time": 0,
        "cpu_time": 0,
        "execution_index": 160,
        "exec_type": "undef",
        "status": "NOT_RUN",
        "layer_type": "ReLU"
    },
    "bottleneck3_4/dim_red/fn": {
        "real_time": 0,
        "cpu_time": 0,
        "execution_index": 127,
        "exec_type": "undef",
        "status": "NOT_RUN",
        "layer_type": "ReLU"
    },
    "bottleneck1_1/inner/dw1/fn": {
        "real_time": 0,
        "cpu_time": 0,
        "execution_index": 6,
        "exec_type": "undef",
        "status": "NOT_RUN",
        "layer_type": "ReLU"
    },
    "bottleneck3_8/inner/dw1/conv": {
        "real_time": 69,
        "cpu_time": 69,
        "execution_index": 156,
        "exec_type": "jit_avx2_dw_FP32",
        "status": "EXECUTED",
        "layer_type": "Convolution"
    },
    "bottleneck4_1/dim_red/conv": {
        "real_time": 367,
        "cpu_time": 367,
        "execution_index": 184,
        "exec_type": "jit_avx2_1x1_FP32",
        "status": "EXECUTED",
        "layer_type": "Convolution"
    },
    "bottleneck1_2/dim_red/conv": {
        "real_time": 735,
        "cpu_time": 735,
        "execution_index": 10,
        "exec_type": "jit_avx2_1x1_FP32",
        "status": "EXECUTED",
        "layer_type": "Convolution"
    },
    "bottleneck4_0/skip/conv": {
        "real_time": 759,
        "cpu_time": 759,
        "execution_index": 181,
        "exec_type": "jit_avx2_1x1_FP32",
        "status": "EXECUTED",
        "layer_type": "Convolution"
    },
    "bottleneck3_0/dim_inc/conv": {
        "real_time": 336,
        "cpu_time": 336,
        "execution_index": 100,
        "exec_type": "jit_avx2_1x1_FP32",
        "status": "EXECUTED",
        "layer_type": "Convolution"
    },
    "bottleneck1_4/dim_red/conv": {
        "real_time": 731,
        "cpu_time": 731,
        "execution_index": 24,
        "exec_type": "jit_avx2_1x1_FP32",
        "status": "EXECUTED",
        "layer_type": "Convolution"
    },
    "bottleneck3_0/add": {
        "real_time": 0,
        "cpu_time": 0,
        "execution_index": 103,
        "exec_type": "undef",
        "status": "NOT_RUN",
        "layer_type": "Eltwise"
    },
    "bottleneck3_1/add": {
        "real_time": 0,
        "cpu_time": 0,
        "execution_index": 110,
        "exec_type": "undef",
        "status": "NOT_RUN",
        "layer_type": "Eltwise"
    },
    "bottleneck2_7/inner/dw1/fn": {
        "real_time": 0,
        "cpu_time": 0,
        "execution_index": 85,
        "exec_type": "undef",
        "status": "NOT_RUN",
        "layer_type": "ReLU"
    },
    "bottleneck2_1/inner/dw1/fn": {
        "real_time": 0,
        "cpu_time": 0,
        "execution_index": 43,
        "exec_type": "undef",
        "status": "NOT_RUN",
        "layer_type": "ReLU"
    },
    "bottleneck2_1/dim_red/fn": {
        "real_time": 0,
        "cpu_time": 0,
        "execution_index": 41,
        "exec_type": "undef",
        "status": "NOT_RUN",
        "layer_type": "ReLU"
    },
    "bottleneck2_8/fn": {
        "real_time": 0,
        "cpu_time": 0,
        "execution_index": 95,
        "exec_type": "undef",
        "status": "NOT_RUN",
        "layer_type": "ReLU"
    },
    "mbox_conf1/out/conv/flat/reshape": {
        "real_time": 0,
        "cpu_time": 0,
        "execution_index": 266,
        "exec_type": "unknown_FP32",
        "status": "NOT_RUN",
        "layer_type": "Reshape"
    },
    "bottleneck4_4/dim_inc/conv": {
        "real_time": 344,
        "cpu_time": 344,
        "execution_index": 209,
        "exec_type": "jit_avx2_1x1_FP32",
        "status": "EXECUTED",
        "layer_type": "Convolution"
    },
    "bottleneck2_3/inner/dw1/conv": {
        "real_time": 129,
        "cpu_time": 129,
        "execution_index": 56,
        "exec_type": "jit_avx2_dw_FP32",
        "status": "EXECUTED",
        "layer_type": "Convolution"
    },
    "bottleneck1_3/dim_red/fn": {
        "real_time": 0,
        "cpu_time": 0,
        "execution_index": 18,
        "exec_type": "undef",
        "status": "NOT_RUN",
        "layer_type": "ReLU"
    },
    "bottleneck3_9/dim_red/fn": {
        "real_time": 0,
        "cpu_time": 0,
        "execution_index": 162,
        "exec_type": "undef",
        "status": "NOT_RUN",
        "layer_type": "ReLU"
    },
    "bottleneck2_8/inner/dw1/fn": {
        "real_time": 0,
        "cpu_time": 0,
        "execution_index": 92,
        "exec_type": "undef",
        "status": "NOT_RUN",
        "layer_type": "ReLU"
    },
    "bottleneck2_2/inner/dw1/conv": {
        "real_time": 131,
        "cpu_time": 131,
        "execution_index": 49,
        "exec_type": "jit_avx2_dw_FP32",
        "status": "EXECUTED",
        "layer_type": "Convolution"
    },
    "bottleneck4_6/fn": {
        "real_time": 0,
        "cpu_time": 0,
        "execution_index": 225,
        "exec_type": "undef",
        "status": "NOT_RUN",
        "layer_type": "ReLU"
    },
    "bottleneck3_4/add": {
        "real_time": 0,
        "cpu_time": 0,
        "execution_index": 131,
        "exec_type": "undef",
        "status": "NOT_RUN",
        "layer_type": "Eltwise"
    },
    "bottleneck4_2/dim_red/fn": {
        "real_time": 0,
        "cpu_time": 0,
        "execution_index": 192,
        "exec_type": "undef",
        "status": "NOT_RUN",
        "layer_type": "ReLU"
    },
    "bottleneck4_5/dim_inc/conv": {
        "real_time": 343,
        "cpu_time": 343,
        "execution_index": 216,
        "exec_type": "jit_avx2_1x1_FP32",
        "status": "EXECUTED",
        "layer_type": "Convolution"
    },
    "bottleneck4_2/fn": {
        "real_time": 0,
        "cpu_time": 0,
        "execution_index": 197,
        "exec_type": "undef",
        "status": "NOT_RUN",
        "layer_type": "ReLU"
    },
    "bottleneck2_3/dim_red/conv": {
        "real_time": 419,
        "cpu_time": 419,
        "execution_index": 54,
        "exec_type": "jit_avx2_1x1_FP32",
        "status": "EXECUTED",
        "layer_type": "Convolution"
    },
    "bottleneck4_4/add": {
        "real_time": 0,
        "cpu_time": 0,
        "execution_index": 210,
        "exec_type": "undef",
        "status": "NOT_RUN",
        "layer_type": "Eltwise"
    },
    "bottleneck2_6/dim_inc/conv": {
        "real_time": 445,
        "cpu_time": 445,
        "execution_index": 79,
        "exec_type": "jit_avx2_1x1_FP32",
        "status": "EXECUTED",
        "layer_type": "Convolution"
    },
    "mbox_conf1/out/conv/perm": {
        "real_time": 41,
        "cpu_time": 41,
        "execution_index": 264,
        "exec_type": "unknown_FP32",
        "status": "EXECUTED",
        "layer_type": "Permute"
    },
    "bottleneck2_7/dim_red/conv": {
        "real_time": 418,
        "cpu_time": 418,
        "execution_index": 82,
        "exec_type": "jit_avx2_1x1_FP32",
        "status": "EXECUTED",
        "layer_type": "Convolution"
    },
    "bottleneck3_9/dim_inc/conv": {
        "real_time": 381,
        "cpu_time": 381,
        "execution_index": 165,
        "exec_type": "jit_avx2_1x1_FP32",
        "status": "EXECUTED",
        "layer_type": "Convolution"
    },
    "bottleneck2_8/add": {
        "real_time": 0,
        "cpu_time": 0,
        "execution_index": 94,
        "exec_type": "undef",
        "status": "NOT_RUN",
        "layer_type": "Eltwise"
    },
    "bottleneck3_2/inner/dw1/fn": {
        "real_time": 0,
        "cpu_time": 0,
        "execution_index": 115,
        "exec_type": "undef",
        "status": "NOT_RUN",
        "layer_type": "ReLU"
    },
    "detection_out": {
        "real_time": 556,
        "cpu_time": 556,
        "execution_index": 272,
        "exec_type": "unknown_FP32",
        "status": "EXECUTED",
        "layer_type": "DetectionOutput"
    },
    "bottleneck4_6/dim_inc/conv": {
        "real_time": 344,
        "cpu_time": 344,
        "execution_index": 223,
        "exec_type": "jit_avx2_1x1_FP32",
        "status": "EXECUTED",
        "layer_type": "Convolution"
    },
    "bottleneck4_10/add": {
        "real_time": 0,
        "cpu_time": 0,
        "execution_index": 252,
        "exec_type": "undef",
        "status": "NOT_RUN",
        "layer_type": "Eltwise"
    },
    "bottleneck1_4/dim_inc/conv": {
        "real_time": 664,
        "cpu_time": 664,
        "execution_index": 28,
        "exec_type": "jit_avx2_1x1_FP32",
        "status": "EXECUTED",
        "layer_type": "Convolution"
    },
    "mbox_conf1/out/conv/flat/softmax/flat": {
        "real_time": 0,
        "cpu_time": 0,
        "execution_index": 268,
        "exec_type": "unknown_FP32",
        "status": "NOT_RUN",
        "layer_type": "Flatten"
    },
    "bottleneck3_7/add": {
        "real_time": 0,
        "cpu_time": 0,
        "execution_index": 152,
        "exec_type": "undef",
        "status": "NOT_RUN",
        "layer_type": "Eltwise"
    },
    "bottleneck2_8/dim_red/conv": {
        "real_time": 420,
        "cpu_time": 420,
        "execution_index": 89,
        "exec_type": "jit_avx2_1x1_FP32",
        "status": "EXECUTED",
        "layer_type": "Convolution"
    },
    "bottleneck1_3/add": {
        "real_time": 0,
        "cpu_time": 0,
        "execution_index": 22,
        "exec_type": "undef",
        "status": "NOT_RUN",
        "layer_type": "Eltwise"
    },
    "bottleneck4_0/fn": {
        "real_time": 0,
        "cpu_time": 0,
        "execution_index": 183,
        "exec_type": "undef",
        "status": "NOT_RUN",
        "layer_type": "ReLU"
    },
    "bottleneck3_5/add": {
        "real_time": 0,
        "cpu_time": 0,
        "execution_index": 138,
        "exec_type": "undef",
        "status": "NOT_RUN",
        "layer_type": "Eltwise"
    },
    "bottleneck4_2/dim_red/conv": {
        "real_time": 367,
        "cpu_time": 367,
        "execution_index": 191,
        "exec_type": "jit_avx2_1x1_FP32",
        "status": "EXECUTED",
        "layer_type": "Convolution"
    },
    "bottleneck3_9/inner/dw1/fn": {
        "real_time": 0,
        "cpu_time": 0,
        "execution_index": 164,
        "exec_type": "undef",
        "status": "NOT_RUN",
        "layer_type": "ReLU"
    },
    "bottleneck4_5/inner/dw1/fn": {
        "real_time": 0,
        "cpu_time": 0,
        "execution_index": 215,
        "exec_type": "undef",
        "status": "NOT_RUN",
        "layer_type": "ReLU"
    },
    "bottleneck1_1/dim_inc/conv": {
        "real_time": 671,
        "cpu_time": 671,
        "execution_index": 7,
        "exec_type": "jit_avx2_1x1_FP32",
        "status": "EXECUTED",
        "layer_type": "Convolution"
    },
    "bottleneck3_3/inner/dw1/conv": {
        "real_time": 69,
        "cpu_time": 69,
        "execution_index": 121,
        "exec_type": "jit_avx2_dw_FP32",
        "status": "EXECUTED",
        "layer_type": "Convolution"
    },
    "bottleneck2_1/dim_red/conv": {
        "real_time": 430,
        "cpu_time": 430,
        "execution_index": 40,
        "exec_type": "jit_avx2_1x1_FP32",
        "status": "EXECUTED",
        "layer_type": "Convolution"
    },
    "bottleneck3_8/add": {
        "real_time": 0,
        "cpu_time": 0,
        "execution_index": 159,
        "exec_type": "undef",
        "status": "NOT_RUN",
        "layer_type": "Eltwise"
    },
    "bottleneck4_11/add": {
        "real_time": 0,
        "cpu_time": 0,
        "execution_index": 259,
        "exec_type": "undef",
        "status": "NOT_RUN",
        "layer_type": "Eltwise"
    },
    "bottleneck4_11/dim_red/fn": {
        "real_time": 0,
        "cpu_time": 0,
        "execution_index": 255,
        "exec_type": "undef",
        "status": "NOT_RUN",
        "layer_type": "ReLU"
    },
    "bottleneck1_2/dim_red/fn": {
        "real_time": 0,
        "cpu_time": 0,
        "execution_index": 11,
        "exec_type": "undef",
        "status": "NOT_RUN",
        "layer_type": "ReLU"
    },
    "bottleneck3_5/inner/dw1/fn": {
        "real_time": 0,
        "cpu_time": 0,
        "execution_index": 136,
        "exec_type": "undef",
        "status": "NOT_RUN",
        "layer_type": "ReLU"
    },
    "bottleneck2_4/dim_inc/conv": {
        "real_time": 445,
        "cpu_time": 445,
        "execution_index": 65,
        "exec_type": "jit_avx2_1x1_FP32",
        "status": "EXECUTED",
        "layer_type": "Convolution"
    },
    "bottleneck4_10/dim_red/conv": {
        "real_time": 369,
        "cpu_time": 369,
        "execution_index": 247,
        "exec_type": "jit_avx2_1x1_FP32",
        "status": "EXECUTED",
        "layer_type": "Convolution"
    },
    "bottleneck2_5/inner/dw1/conv": {
        "real_time": 130,
        "cpu_time": 130,
        "execution_index": 70,
        "exec_type": "jit_avx2_dw_FP32",
        "status": "EXECUTED",
        "layer_type": "Convolution"
    },
    "bottleneck2_1/dim_inc/conv": {
        "real_time": 446,
        "cpu_time": 446,
        "execution_index": 44,
        "exec_type": "jit_avx2_1x1_FP32",
        "status": "EXECUTED",
        "layer_type": "Convolution"
    },
    "bottleneck1_2/add": {
        "real_time": 0,
        "cpu_time": 0,
        "execution_index": 15,
        "exec_type": "undef",
        "status": "NOT_RUN",
        "layer_type": "Eltwise"
    },
    "bottleneck3_3/dim_inc/conv": {
        "real_time": 383,
        "cpu_time": 383,
        "execution_index": 123,
        "exec_type": "jit_avx2_1x1_FP32",
        "status": "EXECUTED",
        "layer_type": "Convolution"
    },
    "bottleneck4_5/dim_red/conv": {
        "real_time": 369,
        "cpu_time": 369,
        "execution_index": 212,
        "exec_type": "jit_avx2_1x1_FP32",
        "status": "EXECUTED",
        "layer_type": "Convolution"
    },
    "bottleneck3_0/dim_red/fn": {
        "real_time": 0,
        "cpu_time": 0,
        "execution_index": 97,
        "exec_type": "undef",
        "status": "NOT_RUN",
        "layer_type": "ReLU"
    },
    "bottleneck3_4/inner/dw1/fn": {
        "real_time": 0,
        "cpu_time": 0,
        "execution_index": 129,
        "exec_type": "undef",
        "status": "NOT_RUN",
        "layer_type": "ReLU"
    },
    "bottleneck2_4/dim_red/fn": {
        "real_time": 0,
        "cpu_time": 0,
        "execution_index": 62,
        "exec_type": "undef",
        "status": "NOT_RUN",
        "layer_type": "ReLU"
    },
    "bottleneck4_11/dim_inc/conv_nChw8c_nchw_mbox1/priorbox": {
        "real_time": 0,
        "cpu_time": 0,
        "execution_index": 261,
        "exec_type": "jit_uni_FP32",
        "status": "NOT_RUN",
        "layer_type": "Reorder"
    },
    "mbox1/priorbox": {
        "real_time": 0,
        "cpu_time": 0,
        "execution_index": 262,
        "exec_type": "unknown_FP32",
        "status": "NOT_RUN",
        "layer_type": "PriorBoxClustered"
    },
    "bottleneck3_10/dim_red/fn": {
        "real_time": 0,
        "cpu_time": 0,
        "execution_index": 169,
        "exec_type": "undef",
        "status": "NOT_RUN",
        "layer_type": "ReLU"
    },
    "bottleneck4_0/inner/dw1/conv": {
        "real_time": 61,
        "cpu_time": 61,
        "execution_index": 177,
        "exec_type": "jit_avx2_dw_FP32",
        "status": "EXECUTED",
        "layer_type": "Convolution"
    },
    "bottleneck1_3/fn": {
        "real_time": 0,
        "cpu_time": 0,
        "execution_index": 23,
        "exec_type": "undef",
        "status": "NOT_RUN",
        "layer_type": "ReLU"
    },
    "bottleneck1_2/fn": {
        "real_time": 0,
        "cpu_time": 0,
        "execution_index": 16,
        "exec_type": "undef",
        "status": "NOT_RUN",
        "layer_type": "ReLU"
    },
    "bottleneck4_0/dim_inc/conv": {
        "real_time": 327,
        "cpu_time": 327,
        "execution_index": 179,
        "exec_type": "jit_avx2_1x1_FP32",
        "status": "EXECUTED",
        "layer_type": "Convolution"
    },
    "bottleneck1_4/fn": {
        "real_time": 0,
        "cpu_time": 0,
        "execution_index": 30,
        "exec_type": "undef",
        "status": "NOT_RUN",
        "layer_type": "ReLU"
    },
    "bottleneck4_9/inner/dw1/fn": {
        "real_time": 0,
        "cpu_time": 0,
        "execution_index": 243,
        "exec_type": "undef",
        "status": "NOT_RUN",
        "layer_type": "ReLU"
    },
    "mbox_conf1/out/conv/flat": {
        "real_time": 0,
        "cpu_time": 0,
        "execution_index": 265,
        "exec_type": "unknown_FP32",
        "status": "NOT_RUN",
        "layer_type": "Flatten"
    },
    "bottleneck4_6/dim_red/fn": {
        "real_time": 0,
        "cpu_time": 0,
        "execution_index": 220,
        "exec_type": "undef",
        "status": "NOT_RUN",
        "layer_type": "ReLU"
    },
    "bottleneck4_1/inner/dw1/fn": {
        "real_time": 0,
        "cpu_time": 0,
        "execution_index": 187,
        "exec_type": "undef",
        "status": "NOT_RUN",
        "layer_type": "ReLU"
    },
    "bottleneck4_8/inner/dw1/conv": {
        "real_time": 41,
        "cpu_time": 41,
        "execution_index": 235,
        "exec_type": "jit_avx2_dw_FP32",
        "status": "EXECUTED",
        "layer_type": "Convolution"
    },
    "bottleneck2_2/fn": {
        "real_time": 0,
        "cpu_time": 0,
        "execution_index": 53,
        "exec_type": "undef",
        "status": "NOT_RUN",
        "layer_type": "ReLU"
    },
    "bottleneck1_2/inner/dw1/fn": {
        "real_time": 0,
        "cpu_time": 0,
        "execution_index": 13,
        "exec_type": "undef",
        "status": "NOT_RUN",
        "layer_type": "ReLU"
    },
    "bottleneck2_7/fn": {
        "real_time": 0,
        "cpu_time": 0,
        "execution_index": 88,
        "exec_type": "undef",
        "status": "NOT_RUN",
        "layer_type": "ReLU"
    },
    "bottleneck3_9/fn": {
        "real_time": 0,
        "cpu_time": 0,
        "execution_index": 167,
        "exec_type": "undef",
        "status": "NOT_RUN",
        "layer_type": "ReLU"
    },
    "bottleneck3_4/dim_inc/conv": {
        "real_time": 383,
        "cpu_time": 383,
        "execution_index": 130,
        "exec_type": "jit_avx2_1x1_FP32",
        "status": "EXECUTED",
        "layer_type": "Convolution"
    },
    "bottleneck2_7/add": {
        "real_time": 0,
        "cpu_time": 0,
        "execution_index": 87,
        "exec_type": "undef",
        "status": "NOT_RUN",
        "layer_type": "Eltwise"
    },
    "bottleneck2_6/dim_red/conv": {
        "real_time": 420,
        "cpu_time": 420,
        "execution_index": 75,
        "exec_type": "jit_avx2_1x1_FP32",
        "status": "EXECUTED",
        "layer_type": "Convolution"
    },
    "bottleneck4_7/inner/dw1/fn": {
        "real_time": 0,
        "cpu_time": 0,
        "execution_index": 229,
        "exec_type": "undef",
        "status": "NOT_RUN",
        "layer_type": "ReLU"
    },
    "bottleneck1_2/dim_inc/conv": {
        "real_time": 663,
        "cpu_time": 663,
        "execution_index": 14,
        "exec_type": "jit_avx2_1x1_FP32",
        "status": "EXECUTED",
        "layer_type": "Convolution"
    },
    "bottleneck2_0/dim_inc/conv": {
        "real_time": 373,
        "cpu_time": 373,
        "execution_index": 35,
        "exec_type": "jit_avx2_1x1_FP32",
        "status": "EXECUTED",
        "layer_type": "Convolution"
    },
    "bottleneck2_1/add": {
        "real_time": 0,
        "cpu_time": 0,
        "execution_index": 45,
        "exec_type": "undef",
        "status": "NOT_RUN",
        "layer_type": "Eltwise"
    },
    "bottleneck2_4/inner/dw1/fn": {
        "real_time": 0,
        "cpu_time": 0,
        "execution_index": 64,
        "exec_type": "undef",
        "status": "NOT_RUN",
        "layer_type": "ReLU"
    },
    "bottleneck4_9/inner/dw1/conv": {
        "real_time": 42,
        "cpu_time": 42,
        "execution_index": 242,
        "exec_type": "jit_avx2_dw_FP32",
        "status": "EXECUTED",
        "layer_type": "Convolution"
    },
    "bottleneck3_1/dim_inc/conv": {
        "real_time": 382,
        "cpu_time": 382,
        "execution_index": 109,
        "exec_type": "jit_avx2_1x1_FP32",
        "status": "EXECUTED",
        "layer_type": "Convolution"
    },
    "bottleneck4_3/fn": {
        "real_time": 0,
        "cpu_time": 0,
        "execution_index": 204,
        "exec_type": "undef",
        "status": "NOT_RUN",
        "layer_type": "ReLU"
    },
    "bottleneck4_4/fn": {
        "real_time": 0,
        "cpu_time": 0,
        "execution_index": 211,
        "exec_type": "undef",
        "status": "NOT_RUN",
        "layer_type": "ReLU"
    },
    "mbox_conf1/out/conv": {
        "real_time": 1209,
        "cpu_time": 1209,
        "execution_index": 263,
        "exec_type": "jit_avx2_FP32",
        "status": "EXECUTED",
        "layer_type": "Convolution"
    },
    "bottleneck4_9/fn": {
        "real_time": 0,
        "cpu_time": 0,
        "execution_index": 246,
        "exec_type": "undef",
        "status": "NOT_RUN",
        "layer_type": "ReLU"
    },
    "bottleneck3_6/dim_red/conv": {
        "real_time": 404,
        "cpu_time": 404,
        "execution_index": 140,
        "exec_type": "jit_avx2_1x1_FP32",
        "status": "EXECUTED",
        "layer_type": "Convolution"
    },
    "bottleneck4_2/inner/dw1/conv": {
        "real_time": 41,
        "cpu_time": 41,
        "execution_index": 193,
        "exec_type": "jit_avx2_dw_FP32",
        "status": "EXECUTED",
        "layer_type": "Convolution"
    },
    "bottleneck1_1/fn": {
        "real_time": 0,
        "cpu_time": 0,
        "execution_index": 9,
        "exec_type": "undef",
        "status": "NOT_RUN",
        "layer_type": "ReLU"
    },
    "bottleneck2_7/dim_inc/conv": {
        "real_time": 442,
        "cpu_time": 442,
        "execution_index": 86,
        "exec_type": "jit_avx2_1x1_FP32",
        "status": "EXECUTED",
        "layer_type": "Convolution"
    },
    "bottleneck3_8/inner/dw1/fn": {
        "real_time": 0,
        "cpu_time": 0,
        "execution_index": 157,
        "exec_type": "undef",
        "status": "NOT_RUN",
        "layer_type": "ReLU"
    },
    "bottleneck1_4/dim_red/fn": {
        "real_time": 0,
        "cpu_time": 0,
        "execution_index": 25,
        "exec_type": "undef",
        "status": "NOT_RUN",
        "layer_type": "ReLU"
    },
    "bottleneck3_5/inner/dw1/conv": {
        "real_time": 70,
        "cpu_time": 70,
        "execution_index": 135,
        "exec_type": "jit_avx2_dw_FP32",
        "status": "EXECUTED",
        "layer_type": "Convolution"
    },
    "bottleneck1_3/dim_red/conv": {
        "real_time": 729,
        "cpu_time": 729,
        "execution_index": 17,
        "exec_type": "jit_avx2_1x1_FP32",
        "status": "EXECUTED",
        "layer_type": "Convolution"
    },
    "bottleneck4_6/dim_red/conv": {
        "real_time": 370,
        "cpu_time": 370,
        "execution_index": 219,
        "exec_type": "jit_avx2_1x1_FP32",
        "status": "EXECUTED",
        "layer_type": "Convolution"
    }
}